{
  "Service_page_data": [
    {
      "Salon_for_women_data": [
        {
          "id": 1,
          "Title": "Salon For Women",
          "videos": [
            {
              "id": "1",
              "vid": "https://www.youtube.com/watch?v=BENmAwUev0Q "
            },
            {
              "id": "2",
              "vid": "https://www.youtube.com/watch?v=77wWnAJdm8I"
            }
          ],
          "package": [
            {
              "id": "1",
              "img": "https://res.cloudinary.com/urbanclap/image/upload/t_high_res_template,q_auto:low,f_auto/images/supply/customer-app-supply/1635313403372-16db5c.png",
              "para": "BestSeller Packages"
            },
            {
              "id": "2",
              "img": "https://res.cloudinary.com/urbanclap/image/upload/t_high_res_template,q_auto:low,f_auto/images/supply/customer-app-supply/1635313403372-16db5c.png",
              "para": "Make your Packages"
            },
            {
              "id": "3",
              "img": "https://res.cloudinary.com/urbanclap/image/upload/t_high_res_template,q_auto:low,f_auto/images/growth/luminosity/1655977998579-8de14b.png",
              "para": "Waxing"
            },
            {
              "id": "4",
              "img": "https://res.cloudinary.com/urbanclap/image/upload/t_high_res_template,q_auto:low,f_auto/images/supply/customer-app-supply/1655287480435-d29c6c.png",
              "para": "Facial & cleanup"
            },
            {
              "id": "5",
              "img": "https://res.cloudinary.com/urbanclap/image/upload/t_high_res_template,q_auto:low,f_auto/images/supply/customer-app-supply/1655287465245-e4dca0.png",
              "para": "Manicure"
            },
            {
              "id": "6",
              "img": "https://res.cloudinary.com/urbanclap/image/upload/t_high_res_template,q_auto:low,f_auto/images/supply/customer-app-supply/1655287464682-7ab5c1.png",
              "para": "Pedicure"
            },
            {
              "id": "7",
              "img": "https://res.cloudinary.com/urbanclap/image/upload/t_high_res_template,q_auto:low,f_auto/images/supply/customer-app-supply/1655287464206-1f4ad4.png",
              "para": "Threading & face wax"
            },
            {
              "id": "8",
              "img": "https://res.cloudinary.com/urbanclap/image/upload/t_high_res_template,q_auto:low,f_auto/images/supply/customer-app-supply/1655287480991-344026.png",
              "para": "Bleach & detan"
            },
            {
              "id": "9",
              "img": "https://res.cloudinary.com/urbanclap/image/upload/t_high_res_template,q_auto:low,f_auto/images/supply/customer-app-supply/1655287475795-1630ef.png",
              "para": "Hair Colour & care"
            }
          ],
          "packages_components1": [
            {
              "id": "1",
              "title": "Full chocolate | chocolate roll-on wacxing",
              "price": "₹849",
              "time": "1 hr 5 mins",
              "para": [
                {
                  "id": "1",
                  "para": "Eyebrow threading"
                },
                {
                  "id": "2",
                  "para": "Chocolate full arms, underarms, full legs"
                },
                {
                  "id": "3",
                  "para": "Upper lip threading"
                }
              ]
            },
            {
              "id": "2",
              "title": "Glow getter",
              "price": "₹1619",
              "time": "1 hr 25 mins",
              "para": [
                {
                  "id": "1",
                  "para": "O3+ shine & glow facial"
                },
                {
                  "id": "2",
                  "para": "Upper lip threading"
                }
              ]
            },
            {
              "id": "3",
              "title": "Make your own package-roll on special",
              "price": "₹1284",
              "time": "1 hr 50 mins",
              "para": [
                {
                  "id": "1",
                  "para": "Full Legs (No Bikini/Brazilian) (Chocolate Roll-on)"
                },
                {
                  "id": "2",
                  "para": "Upper lip threading"
                },
                {
                  "id": "3",
                  "para": "Full Arms(Including Underarms) (Chocolate Roll-on)"
                },
                {
                  "id": "4",
                  "para": "Eyebrow threading"
                },
                {
                  "id": "5",
                  "para": "Fack & neck detan"
                },
                {
                  "id": "6",
                  "para": "Head massage (20 min)"
                }
              ]
            },
            {
              "id": "4",
              "title": "Make your own package",
              "price": "₹1850",
              "time": "2 hr 50 mins",
              "para": [
                {
                  "id": "1",
                  "para": "Sara fruit cleanup"
                },
                {
                  "id": "2",
                  "para": "Upper lip threading"
                },
                {
                  "id": "3",
                  "para": "Cut,file & polish-feet"
                },
                {
                  "id": "4",
                  "para": "Eyebrow threading"
                },
                {
                  "id": "5",
                  "para": "Fack & neck detan"
                },
                {
                  "id": "6",
                  "para": "Head massage (20 min)"
                },
                {
                  "id": "7",
                  "para": "Full Arms + Underarms Honey"
                },
                {
                  "id": "8",
                  "para": "Full legs Honey"
                }
              ]
            },
            {
              "id": "5",
              "title": "Complete honey waxing",
              "price": "₹399",
              "time": "1 hr 10 mins",
              "para": [
                {
                  "id": "1",
                  "para": "Full legs honey"
                },
                {
                  "id": "2",
                  "para": "Honey Full arms + underarms"
                },
                {
                  "id": "3",
                  "para": "Upper lip threading"
                },
                {
                  "id": "4",
                  "para": "Eyebrow threading"
                }
              ]
            }
          ],
          "packages_components2": [
            {
              "id": "1",
              "img": "https://res.cloudinary.com/urbanclap/image/upload/t_high_res_template,q_auto:low,f_auto/images/growth/luminosity/1657100967218-f08380.png",
              "title": "Full body",
              "price": "₹1399",
              "para": [
                {
                  "id": "1",
                  "para": "O3+ shine & glow facial"
                },
                {
                  "id": "2",
                  "para": "Upper lip threading"
                }
              ]
            },
            {
              "id": "2",
              "img": "https://res.cloudinary.com/urbanclap/image/upload/t_high_res_template,q_auto:low,f_auto/images/growth/luminosity/1657100955968-c5b3f1.png",
              "title": "Stomach",
              "price": "₹299",
              "para": [
                {
                  "id": "1",
                  "para": "Covers the area from below bust to pelvis"
                }
              ]
            },
            {
              "id": "3",
              "img": "https://res.cloudinary.com/urbanclap/image/upload/t_high_res_template,q_auto:low,f_auto/images/growth/luminosity/1657100969960-ef6f74.png",
              "title": "Fruit cleanup",
              "price": " Starts at ₹699",
              "time": "2 hrs 20 mins",
              "para": [
                {
                  "id": "1",
                  "para": "O3+ shine & glow facial"
                },
                {
                  "id": "2",
                  "para": "Upper lip threading"
                }
              ]
            },
            {
              "id": "4",
              "img": "https://res.cloudinary.com/urbanclap/image/upload/t_high_res_template,q_auto:low,f_auto/images/supply/customer-app-supply/1634707058605-fd6260.png",
              "title": "Glow Facial",
              "price": " Starts at ₹1099",
              "para": [
                {
                  "id": "1",
                  "para": "O3+ shine & glow facial"
                },
                {
                  "id": "2",
                  "para": "Upper lip threading"
                }
              ]
            },
            {
              "id": "5",
              "img": "https://res.cloudinary.com/urbanclap/image/upload/t_high_res_template,q_auto:low,f_auto/images/growth/luminosity/1657015111280-ecba9e.png",
              "title": "Cut, file & polish(hands)",
              "price": "₹199",
              "time": "15 mins",
              "para": [
                {
                  "id": "1",
                  "para": "Quick & basic nail grooming session with a wide range of nail polishes"
                }
              ]
            },
            {
              "id": "6",
              "img": "https://res.cloudinary.com/urbanclap/image/upload/t_high_res_template,q_auto:low,f_auto/images/growth/luminosity/1657525354775-6f2f1b.png",
              "title": "Elysian British rose mainicure",
              "price": "₹649",
              "time": "45 mins",
              "para": [
                {
                  "id": "1",
                  "para": "Rose salt soak,scrub,cream massage, mask for soft & nourished hands"
                }
              ]
            },
            {
              "id": "7",
              "img": "https://res.cloudinary.com/urbanclap/image/upload/t_high_res_template,q_auto:low,f_auto/images/growth/luminosity/1657018447765-ef2c1f.png",
              "title": "Cut, file & polish(feet)",
              "price": "₹199",
              "time": "15 mins",
              "para": [
                {
                  "id": "1",
                  "para": "Quick & basic nail grooming session with a wide range of nail polishes"
                }
              ]
            },
            {
              "id": "8",
              "img": "https://res.cloudinary.com/urbanclap/image/upload/t_high_res_template,q_auto:low,f_auto/images/growth/luminosity/1657525354775-6f2f1b.png",
              "title": "Elysian British rose mainicure",
              "price": "₹849",
              "time": "1 hr 5 mins",
              "para": [
                {
                  "id": "1",
                  "para1": "Rose salt soak,scrub,cream massage, mask for soft & nourished feet"
                }
              ]
            },
            {
              "id": "9",
              "img": "https://res.cloudinary.com/urbanclap/image/upload/t_high_res_template,q_auto:low,f_auto/images/growth/luminosity/1657523964352-5dd593.png",
              "title": "Face wax",
              "price": "Starts at ₹69",
              "para": [
                {
                  "id": "1",
                  "para": "O3+ shine & glow facial"
                },
                {
                  "id": "2",
                  "para": "Upper lip threading"
                }
              ]
            },
            {
              "id": "10",
              "img": "https://res.cloudinary.com/urbanclap/image/upload/t_high_res_template,q_auto:low,f_auto/images/growth/luminosity/1657524490060-23016c.png",
              "title": "Threading",
              "price": " Starts at ₹19",
              "para": [
                {
                  "id": "1",
                  "para1": "Good quality thread for desired eyebrow shape & other facial areas hair removal"
                }
              ]
            },
            {
              "id": "11",
              "img": "https://res.cloudinary.com/urbanclap/image/upload/t_high_res_template,q_auto:low,f_auto/images/growth/luminosity/1657523167667-d1f1eb.png",
              "title": "Detan",
              "price": "Starts at ₹349",
              "para": [
                {
                  "id": "1",
                  "para1": "RAAGA detan pack infused with milk,honey, fruit extracts to remove tan"
                }
              ]
            },
            {
              "id": "12",
              "img": "https://res.cloudinary.com/urbanclap/image/upload/t_high_res_template,q_auto:low,f_auto/images/growth/luminosity/1657520810954-691bb1.png",
              "title": "Bleach",
              "price": "Starts at ₹299",
              "para": [
                {
                  "id": "1",
                  "para": "O3+ shine & glow facial"
                },
                {
                  "id": "2",
                  "para": "Upper lip threading"
                }
              ]
            },
            {
              "id": "13",
              "img": "https://res.cloudinary.com/urbanclap/image/upload/t_high_res_template,q_auto:low,f_auto/images/growth/luminosity/1657524726085-34bdda.png",
              "title": "Hair colour application",
              "price": "Starts at ₹249",
              "para": [
                {
                  "id": "1",
                  "para": "O3+ shine & glow facial"
                },
                {
                  "id": "2",
                  "para": "Upper lip threading"
                }
              ]
            },
            {
              "id": "14",
              "img": "https://res.cloudinary.com/urbanclap/image/upload/t_high_res_template,q_auto:low,f_auto/images/growth/luminosity/1657524725157-0eea37.png",
              "title": "Head massage",
              "price": "₹299",
              "time": "20 mins",
              "para": [
                {
                  "id": "1",
                  "para1": "Relaxing oil massage to relieve stress & promote hair growth"
                }
              ]
            }
          ]
        }
      ]
    }
  ],
  "cart": [
    {
      "title": "Full body",
      "price": "₹1399",
      "para": [
        {
          "id": "1",
          "para": "O3+ shine & glow facial"
        },
        {
          "id": "2",
          "para": "Upper lip threading"
        }
      ],
      "id": "1",
      "count": 1
    }
  ]
}